Date,Open,High,Low,Close,Adj Close,Volume
Dec 30,48.30,48.30,47.24,47.63,47.63,212
Dec 27,47.18,47.93,46.80,47.73,47.73,258
Dec 24,45.75,46.55,45.30,45.73,45.73,155
Dec 23,44.33,45.83,43.80,45.54,45.54,1,153
Dec 20,43.88,44.47,42.78,44.13,44.13,1,532
Dec 19,41.47,43.62,39.83,43.08,43.08,1,825
Dec 18,42.35,42.40,40.63,41.01,41.01,3,554
Dec 17,40.50,42.15,39.96,42.06,42.06,3,026
Dec 16,40.19,40.58,38.96,40.28,40.28,11,204
Dec 13,42.54,43.24,41.01,41.22,41.22,22,343
Dec 12,44.40,44.45,42.49,42.80,42.80,17,348
Dec 11,45.25,45.96,44.40,44.69,44.69,17,844
Dec 10,44.55,45.85,44.45,45.55,45.55,7,635
Dec 9,46.20,46.31,44.74,44.85,44.85,12,527
Dec 6,46.25,46.70,45.95,46.48,46.48,4,410
Dec 5,47.51,47.56,46.01,46.55,46.55,6,281
Dec 4,48.10,48.15,46.71,47.05,47.05,6,876
Dec 3,48.93,49.05,48.25,48.56,48.56,3,526
Dec 2,48.86,49.29,48.35,48.65,48.65,3,849
Nov 29,47.48,47.95,46.24,47.81,47.81,594
Nov 27,46.53,46.80,46.00,46.76,46.76,236
Nov 26,47.38,48.29,46.13,47.22,47.22,185
Nov 25,47.67,48.88,47.40,47.73,47.73,673
Nov 22,49.05,49.24,46.78,47.02,47.02,10,600
Nov 21,47.12,48.72,47.12,48.30,48.30,11,918
Nov 20,45.36,47.23,45.28,46.80,46.80,24,271
Nov 19,46.65,47.31,45.60,45.67,45.67,15,988
Nov 18,45.48,47.13,45.38,46.90,46.90,9,479
Nov 15,46.00,47.41,45.45,46.55,46.55,20,423
Nov 14,45.51,46.51,44.99,46.22,46.22,9,375
Nov 13,43.63,44.10,42.20,43.67,43.67,8,322
Nov 12,43.82,44.44,43.00,44.26,44.26,7,781
Nov 11,41.67,44.11,41.67,43.73,43.73,8,189
Nov 8,42.33,43.06,41.97,42.41,42.41,7,861
Nov 7,40.51,41.58,40.38,41.28,41.28,4,669
Nov 6,40.10,40.75,39.04,40.39,40.39,2,803
Nov 5,40.33,41.20,40.31,40.49,40.49,2,213
Nov 4,39.49,40.53,39.43,40.30,40.30,1,500
Nov 1,39.33,40.38,38.55,39.17,39.17,1,352
Oct 31,41.22,41.49,38.07,40.59,40.59,423
Oct 30,41.56,41.56,40.90,40.90,40.90,207
Oct 29,43.44,43.60,42.87,42.87,42.87,41
Oct 28,42.50,42.72,41.88,42.52,42.52,131
Oct 25,42.20,43.57,42.20,43.51,43.51,268
Oct 24,41.85,42.63,41.75,42.15,42.15,323
Oct 23,40.80,41.75,40.65,41.38,41.38,388
Oct 22,39.93,41.01,39.79,40.70,40.70,215
Oct 21,39.81,40.22,39.65,40.02,40.02,199
Oct 18,39.74,39.74,39.10,39.20,39.20,209
Oct 17,39.45,40.03,39.31,39.65,39.65,135
Oct 16,40.21,40.26,39.15,39.24,39.24,155
Oct 15,39.85,40.09,38.97,39.97,39.97,118
Oct 14,39.32,40.71,39.24,40.56,40.56,116
Oct 11,39.87,40.58,39.52,39.88,39.88,217
Oct 10,38.40,40.35,38.40,40.29,40.29,274
Oct 9,38.40,39.16,38.10,38.34,38.34,253
Oct 8,40.18,40.18,38.70,38.92,38.92,264
Oct 7,40.21,40.94,39.51,40.24,40.24,207
Oct 4,39.63,41.17,39.38,40.98,40.98,133
Oct 3,38.40,39.91,38.15,39.91,39.91,196
Oct 2,39.90,39.90,38.42,38.62,38.62,226
Oct 1,38.40,39.60,37.44,39.27,39.27,205
Sep 30,39.21,39.27,38.71,39.04,39.04,142
Sep 27,37.28,38.13,37.28,38.11,38.11,98
Sep 26,37.03,37.92,36.70,37.89,37.89,100
Sep 25,36.37,37.51,36.15,37.32,37.32,76
Sep 24,36.46,36.46,35.31,35.41,35.41,207
Sep 23,34.90,36.29,34.57,36.21,36.21,253
Sep 20,34.49,35.08,33.87,34.44,34.44,214
Sep 19,35.98,36.69,32.53,33.08,33.08,650
Sep 18,35.19,35.74,34.71,35.24,35.24,229
Sep 17,34.15,35.75,34.13,35.55,35.55,266
Sep 16,35.11,35.15,33.97,34.08,34.08,332
Sep 13,35.19,36.17,35.15,35.65,35.65,485
Sep 12,35.83,35.85,34.85,35.19,35.19,443
Sep 11,35.45,36.29,34.88,36.14,36.14,422
Sep 10,37.40,37.85,34.90,35.28,35.28,547
Sep 9,36.90,37.47,36.35,37.33,37.33,545
Sep 6,37.05,37.53,36.35,36.48,36.48,545
Sep 5,35.71,36.71,35.60,36.19,36.19,847
Sep 4,36.81,37.00,35.60,35.80,35.80,565
Sep 3,39.85,39.85,36.99,37.19,37.19,473
Aug 30,38.99,40.24,38.85,39.82,39.82,396
Aug 29,38.55,38.99,38.15,38.60,38.60,308
Aug 28,39.30,39.30,38.52,38.52,38.52,7
Aug 27,37.47,38.90,37.40,38.69,38.69,191
Aug 26,36.78,37.85,36.17,37.66,37.66,107
Aug 23,36.97,37.32,36.15,36.86,36.86,532
Aug 22,37.22,37.56,36.20,36.59,36.59,540
Aug 21,37.91,38.47,36.90,37.01,37.01,566
Aug 20,39.29,40.08,37.62,37.96,37.96,775
Aug 19,39.26,40.40,39.10,39.85,39.85,738
Aug 16,39.69,40.06,39.19,39.64,39.64,632
Aug 15,39.10,39.90,38.84,39.60,39.60,680
Aug 14,39.57,40.17,38.66,38.97,38.97,847
Aug 13,39.40,40.40,38.79,39.48,39.48,853
Aug 12,39.63,42.86,39.26,39.66,39.66,1,288
Aug 9,40.03,40.72,39.58,40.40,40.40,840
Aug 8,38.62,40.30,38.19,40.10,40.10,1,074
Aug 7,36.76,38.76,35.94,38.45,38.45,998
Aug 6,36.25,37.03,36.06,36.68,36.68,426
Aug 5,36.77,36.77,34.83,35.50,35.50,708
Aug 2,36.67,37.09,36.07,36.65,36.65,945
Aug 1,36.14,37.02,35.81,36.97,36.97,817
Jul 31,35.74,35.95,35.10,35.87,35.87,292
Jul 30,33.74,34.36,33.74,34.36,34.36,134
Jul 29,33.47,33.93,33.35,33.87,33.87,82
Jul 26,32.13,32.78,32.13,32.47,32.47,70
Jul 25,32.38,32.38,31.69,31.78,31.78,745
Jul 24,31.52,32.94,31.52,32.62,32.62,655
Jul 23,31.62,31.83,31.33,31.62,31.62,1,115
Jul 22,31.80,31.95,31.19,31.84,31.84,347
Jul 19,32.53,32.53,31.73,32.17,32.17,223
Jul 18,31.84,32.76,31.82,32.67,32.67,199
Jul 17,32.90,33.25,31.60,31.89,31.89,751
Jul 16,31.50,33.02,31.50,32.80,32.80,386
Jul 15,31.86,31.93,31.08,31.37,31.37,796
Jul 12,31.27,32.28,30.92,31.72,31.72,899
Jul 11,30.85,31.41,30.41,31.11,31.11,849
Jul 10,31.25,31.69,30.64,30.78,30.78,1,395
Jul 9,32.17,32.17,30.95,31.33,31.33,1,054
Jul 8,33.19,33.70,32.05,32.29,32.29,1,010
Jul 5,32.51,33.80,32.42,33.07,33.07,790
Jul 3,33.25,33.39,32.65,32.69,32.69,1,244
Jul 2,33.53,33.87,33.17,33.69,33.69,668
Jul 1,34.50,34.94,33.42,33.49,33.49,208
Jun 28,34.67,34.74,34.05,34.48,34.48,457
Jun 27,34.13,34.56,34.13,34.56,34.56,79
Jun 26,35.15,35.15,33.82,33.82,33.82,77
Jun 25,34.33,34.88,34.33,34.85,34.85,172
Jun 24,33.80,34.55,33.80,34.08,34.08,213
Jun 21,34.40,34.56,33.87,33.94,33.94,522
Jun 20,34.53,35.69,34.25,34.46,34.46,894
Jun 18,34.28,35.05,34.28,34.70,34.70,604
Jun 17,35.40,35.40,34.20,34.21,34.21,412
Jun 14,35.38,36.04,34.85,35.36,35.36,407
Jun 13,35.67,36.75,35.56,35.72,35.72,396
Jun 12,34.06,36.03,33.93,35.29,35.29,426
Jun 11,33.67,35.33,33.58,34.28,34.28,263
Jun 10,33.01,34.67,32.43,34.26,34.26,617
Jun 7,32.88,33.40,32.81,33.11,33.11,363
Jun 6,33.22,34.15,32.96,33.69,33.69,428
Jun 5,33.75,34.38,33.17,33.35,33.35,1,080
Jun 4,36.08,36.48,33.69,33.80,33.80,931
Jun 3,36.23,38.50,35.69,36.01,36.01,427
May 31,35.28,35.70,34.13,34.22,34.22,370
May 30,33.88,35.19,33.60,35.19,35.19,219
May 29,34.13,34.30,33.40,33.88,33.88,167
May 28,34.41,34.80,33.38,33.53,33.53,159
May 24,35.60,35.60,33.50,34.12,34.12,756
May 23,34.62,36.17,33.85,35.23,35.23,1,226
May 22,32.88,34.75,32.83,34.39,34.39,1,013
May 21,31.63,33.21,31.33,33.00,33.00,785
May 20,31.32,32.17,31.25,31.77,31.77,838
May 17,30.88,31.02,30.25,30.77,30.77,806
May 16,29.51,30.75,29.51,30.25,30.25,1,150
May 15,29.58,30.55,29.50,29.73,29.73,1,354
May 14,29.76,30.20,29.33,29.67,29.67,1,493
May 13,29.59,29.88,29.17,29.58,29.58,1,212
May 10,30.74,31.57,29.66,30.03,30.03,1,249
May 9,30.83,31.50,30.44,30.86,30.86,1,087
May 8,30.58,31.05,30.05,30.61,30.61,1,373
May 7,31.60,32.15,30.57,31.07,31.07,1,814
May 6,30.72,32.17,30.72,31.80,31.80,1,101
May 3,30.71,31.78,30.05,30.53,30.53,1,085
May 2,28.52,31.17,28.52,30.91,30.91,1,619
May 1,28.70,29.06,28.48,28.73,28.73,794
Apr 30,28.45,29.50,28.45,29.12,29.12,425
Apr 29,27.99,27.99,27.99,27.99,27.99,129
Apr 26,29.86,30.26,28.89,28.89,28.89,66
Apr 25,29.65,30.65,29.36,29.77,29.77,90
Apr 24,29.12,29.33,28.20,29.02,29.02,228
Apr 23,28.97,29.91,28.40,28.42,28.42,171
Apr 22,29.85,30.42,29.08,29.31,29.31,383
Apr 19,33.62,33.72,30.58,30.76,30.76,644
Apr 18,30.98,32.62,30.39,32.31,32.31,700
Apr 17,33.70,33.70,31.20,31.29,31.29,543
Apr 16,32.02,33.71,31.84,33.14,33.14,719
Apr 15,31.23,31.56,29.85,31.14,31.14,530
Apr 12,29.57,30.98,28.95,30.73,30.73,1,278
Apr 11,27.75,29.68,27.65,29.38,29.38,1,133
Apr 10,27.53,27.87,26.83,27.10,27.10,1,460
Apr 9,27.95,28.57,27.18,27.35,27.35,671
Apr 8,26.50,28.20,26.46,27.91,27.91,895
Apr 5,26.56,27.02,26.07,26.61,26.61,460
Apr 4,25.68,26.56,25.52,26.21,26.21,1,347
Apr 3,25.70,25.95,25.18,25.56,25.56,1,769
Apr 2,27.35,27.50,26.05,26.20,26.20,714
Mar 28,27.55,28.13,27.19,27.34,27.34,-
Mar 27,27.35,27.69,27.15,27.69,27.69,174
Mar 26,27.61,28.10,27.13,27.13,27.13,563
Mar 25,28.83,29.07,28.07,28.49,28.49,127
Mar 22,26.52,27.88,26.52,27.78,27.78,398
Mar 21,27.05,27.39,26.35,26.40,26.40,290
Mar 20,28.39,28.75,27.42,27.74,27.74,621
Mar 19,28.90,29.67,27.80,28.87,28.87,368
Mar 18,28.02,29.15,28.02,28.82,28.82,756
Mar 15,26.25,27.30,26.00,27.03,27.03,1,147
Mar 14,24.67,26.60,24.67,26.05,26.05,511
Mar 13,25.10,25.42,24.56,24.90,24.90,235
Mar 12,25.01,25.01,24.35,24.77,24.77,301
Mar 11,25.97,26.47,24.76,24.93,24.93,446
Mar 8,26.33,26.79,25.98,26.39,26.39,355
Mar 7,26.01,26.92,25.76,25.99,25.99,183
Mar 6,27.07,28.56,26.15,26.57,26.57,287
Mar 5,26.66,28.68,26.66,27.47,27.47,465
Mar 4,25.20,27.28,24.87,26.89,26.89,381
Mar 1,25.27,25.90,25.13,25.81,25.81,577
Feb 29,25.55,25.55,24.80,24.86,24.86,169
Feb 28,25.63,25.65,25.32,25.62,25.62,273
Feb 27,23.25,24.75,23.25,24.39,24.39,110
Feb 26,23.20,24.20,23.08,24.01,24.01,117
Feb 23,22.77,23.45,22.65,22.93,22.93,122
Feb 22,23.98,23.98,22.75,23.19,23.19,349
Feb 21,24.10,24.25,23.66,23.98,23.98,476
Feb 20,24.35,24.69,23.42,24.17,24.17,578
Feb 16,25.20,25.20,24.42,24.82,24.82,445
Feb 15,24.85,25.70,24.81,24.97,24.97,425
Feb 14,25.10,25.42,24.56,24.86,24.86,820
Feb 13,26.15,26.50,25.25,25.44,25.44,808
Feb 12,26.18,26.33,25.63,25.73,25.73,520
Feb 9,27.25,27.45,26.65,27.12,27.12,266
Feb 8,28.15,28.50,27.67,27.81,27.81,585
Feb 7,28.23,28.84,28.00,28.19,28.19,284
Feb 6,28.42,29.20,27.80,28.61,28.61,334
Feb 5,29.85,29.85,28.08,28.34,28.34,477
Feb 2,28.63,29.54,28.63,29.30,29.30,1,461
Feb 1,30.14,30.72,28.80,28.99,28.99,1,041
Jan 31,29.49,31.05,29.18,30.24,30.24,204
Jan 30,28.05,29.39,28.05,29.39,29.39,244
Jan 29,28.54,28.95,28.16,28.17,28.17,205
Jan 26,27.14,28.08,26.84,28.08,28.08,62
Jan 25,28.80,29.22,27.49,27.78,27.78,123
Jan 24,27.45,29.13,27.44,28.93,28.93,629
Jan 23,27.38,27.78,26.73,27.23,27.23,921
Jan 22,27.10,27.80,26.75,27.26,27.26,349
Jan 19,28.60,29.13,28.17,28.43,28.43,290
Jan 18,27.67,28.70,27.55,27.89,27.89,381
Jan 17,29.14,29.60,27.44,27.71,27.71,218
Jan 16,31.31,31.53,29.32,29.66,29.66,899
Jan 12,31.46,32.20,30.93,31.99,31.99,1,418
Jan 11,30.70,31.00,30.24,30.82,30.82,410
Jan 10,31.15,31.45,30.33,30.94,30.94,490
Jan 9,30.41,31.80,30.23,30.64,30.64,504
Jan 8,33.75,33.95,31.32,31.58,31.58,1,341
Jan 5,32.46,35.04,32.46,34.55,34.55,478
Jan 4,33.58,33.92,32.13,33.41,33.41,1,119
Jan 3,30.49,33.21,30.49,32.79,32.79,1,717
Jan 2,33.40,33.40,30.07,30.57,30.57,317
